"day","dist","ln.dist"
"2013-00-02/14/13",5.5269997873729,1.70964513438051
"2013-00-02/15/13",13.9010826410749,2.63196672495066
"2013-00-02/16/13",52.7620139477865,3.96579149898917
"2013-00-02/17/13",9.26706830149078,2.22646707297674
"2013-00-02/18/13",47.9419965321786,3.86999187461753
"2013-00-02/19/13",14.0917820313783,2.64559179281596
"2013-00-02/20/13",12.3405990592708,2.51289456343107
"2013-00-02/21/13",13.2928184172791,2.58722392076652
"2013-00-02/22/13",8.12488012949603,2.09493097481417
"2013-00-02/23/13",9.17694405537721,2.21669425764059
"2013-00-02/25/13",4.85633402668453,1.58028383777631
"2013-00-02/26/13",15.5699857879113,2.74534507305881
"2013-00-02/27/13",5.43262779849057,1.69242295767443
"2013-00-02/28/13",12.570054307635,2.53131734300929
"2013-00-03/01/13",14.9033221919765,2.70158415400267
"2013-00-03/02/13",0.43043471385095,-0.842959618528835
"2013-00-03/04/13",5.51928482177445,1.70824829062247
"2013-00-03/05/13",12.9410402590642,2.56040367680481
"2013-00-03/06/13",2.27026326516685,0.819895800613062
"2013-00-03/07/13",4.99980708241784,1.6093993281733
"2013-00-03/08/13",17.7050786933721,2.87385153025165
"2013-00-03/09/13",9.70247873146078,2.27238139219058
"2013-00-03/11/13",7.48843580098656,2.01335993739982
"2013-00-03/12/13",15.0061920125692,2.70846291676133
"2013-00-03/13/13",12.6539245269605,2.53796740634469
"2013-00-03/14/13",9.40902634940302,2.24166947846741
"2013-00-03/15/13",11.1639802091323,2.41269254293266
"2013-00-03/16/13",10.1233468022641,2.31484432087244
"2013-00-03/17/13",13.1153984199576,2.57378699180956
"2013-00-03/18/13",12.6176811131315,2.53509909325103
"2013-00-03/19/13",6.11279814702037,1.8103846302201
"2013-00-03/20/13",18.2654556298633,2.90501160545285
"2013-00-03/21/13",53.6482161760653,3.98244821924277
"2013-00-03/22/13",325.948797220121,5.78674030528895
"2013-00-03/23/13",145.370063655364,4.97928265432329
"2013-00-03/24/13",473.83483523463,6.16085881210057
"2013-00-03/25/13",22.0433415578404,3.09301058612471
"2013-00-03/26/13",10.4844285866644,2.3498911646966
"2013-00-03/27/13",12.321471099708,2.5113433584207
"2013-00-03/28/13",10.4638733893886,2.34792869500371
"2013-00-03/29/13",13.0603802132687,2.56958323623222
"2013-00-03/30/13",70.941608049031,4.2618571168223
"2013-00-03/31/13",86.3658151468962,4.45859193949469
"2013-00-04/01/13",84.1154246722305,4.43218995886825
"2013-00-04/02/13",5.3819014667009,1.68304174420344
"2013-00-04/03/13",14.8712058192976,2.69942684792397
"2013-00-04/04/13",7.63050245459768,2.03215369563116
"2013-00-04/05/13",12.2011653731161,2.5015314695638
"2013-00-04/06/13",8.7458881969134,2.1685836695696
"2013-00-04/07/13",23.1816671350592,3.14336175659628
"2013-00-04/08/13",9.491818583326,2.25043022580406
"2013-00-04/09/13",10.0058911843847,2.30317403797037
"2013-00-04/10/13",4.8073657176702,1.57014926624882
"2013-00-04/11/13",237.213096884914,5.46895888012255
"2013-00-04/12/13",13.3391569519872,2.59070384148801
"2013-00-04/13/13",14.4676126520412,2.67191254099446
"2013-00-04/14/13",227.826041993896,5.42858236403088
"2013-00-04/15/13",13.0065021535761,2.56544939808009
"2013-00-04/16/13",13.9118275787989,2.63273938327182
"2013-00-04/17/13",13.0195172287042,2.56644955688438
"2013-00-04/18/13",12.9143625829242,2.55834007054269
"2013-00-04/19/13",11.2201942171517,2.41771520985131
"2013-00-04/20/13",11.0849461897938,2.40558798873027
"2013-00-04/21/13",6.68492048377394,1.89985431575974
"2013-00-04/22/13",13.6494816812336,2.61370154883921
"2013-00-04/23/13",5.88313608342867,1.77208996725318
"2013-00-04/24/13",9.89833788830562,2.29236685297529
"2013-00-04/25/13",17.4839683767081,2.86128436830051
"2013-00-04/26/13",13.5592631426611,2.60706994052403
"2013-00-04/27/13",7.73107216327631,2.04524755456929
"2013-00-04/28/13",17.3419463169843,2.85312820940089
"2013-00-04/29/13",15.387574446998,2.73356032964658
"2013-00-04/30/13",13.6700182991424,2.61520498937011
"2013-00-05/01/13",12.044478812627,2.48860636511215
"2013-00-05/02/13",13.4742723123497,2.60078211254277
"2013-00-05/03/13",12.5455705396683,2.52936765823168
"2013-00-05/04/13",5.28769821440033,1.6653830310268
"2013-00-05/05/13",17.5322543845279,2.86404229217796
"2013-00-05/06/13",11.6031534179458,2.45127690754343
"2013-00-05/07/13",6.41227086275014,1.85821347695399
"2013-00-05/08/13",13.5402267062075,2.60566501078617
"2013-00-05/09/13",48.4883705643641,3.88132398701303
"2013-00-05/10/13",42.8641109129307,3.75803490035328
"2013-00-05/11/13",56.1236702036872,4.02755765230622
"2013-00-05/12/13",47.5653433708515,3.86210441561379
"2013-00-05/13/13",53.080043767488,3.97180103402071
"2013-00-05/14/13",15.7404318624881,2.75623267987386
"2013-00-05/15/13",11.2823515596043,2.42323969593885
"2013-00-05/16/13",11.2574241230951,2.42102783305052
"2013-00-05/17/13",33.9235824103914,3.52411041886088
"2013-00-05/18/13",12.7491416025884,2.5454639440508
"2013-00-05/19/13",67.4709886130921,4.21169770716415
"2013-00-05/20/13",67.8427973671509,4.21719322540874
"2013-00-05/21/13",5.00912710364251,1.61126166910694
"2013-00-05/22/13",15.3177848560033,2.72901456221337
"2013-00-05/23/13",11.4709393733135,2.43981682607146
"2013-00-05/24/13",54.5713093234685,3.99950827437683
"2013-00-05/25/13",35.1017531007378,3.55825107511453
"2013-00-05/26/13",94.9597246809583,4.55345285098127
"2013-00-05/27/13",94.5817054277203,4.54946406864251
"2013-00-05/28/13",6.0203325308667,1.79514249548068
"2013-00-05/29/13",22.1244454453391,3.09668312596243
"2013-00-05/30/13",17.9089526485692,2.88530073577917
"2013-00-05/31/13",14.5063907088139,2.67458929086872
"2013-00-06/01/13",13.3519468552081,2.59166220606462
"2013-00-06/02/13",6.55773043238754,1.88064457242171
"2013-00-06/03/13",14.78136263123,2.69336710553497
"2013-00-06/04/13",7.1134823002361,1.96199189891257
"2013-00-06/05/13",12.6344489340087,2.53642712564358
"2013-00-06/06/13",23.9930313436043,3.17776342750197
"2013-00-06/07/13",10.0043960649503,2.30302460289045
"2013-00-06/08/13",3.40447832071867,1.22509171808941
"2013-00-06/09/13",3.26113717808091,1.18207596218458
"2013-00-06/10/13",7.74612129619616,2.04719224017421
"2013-00-06/11/13",12.0547862828899,2.48946178297245
"2013-00-06/12/13",14.197117995839,2.65303898596894
"2013-00-06/13/13",7.98065201076906,2.07702011373415
"2013-00-06/14/13",52.7245350059756,3.96508090709362
"2013-00-06/15/13",28.4878170646406,3.34947652446653
"2013-00-06/16/13",46.055535646911,3.82984796496449
"2013-00-06/17/13",4.8410569661711,1.57713307832709
"2013-00-06/18/13",18.4918785206273,2.91733163681105
"2013-00-06/19/13",8.82652942667201,2.17776189394206
"2013-00-06/20/13",14.567426126729,2.67878794892074
"2013-00-06/21/13",12.3107103566381,2.51046964418849
"2013-00-06/22/13",0.817841225951047,-0.201087061523636
"2013-00-06/23/13",5.01626347874584,1.61268532961174
"2013-00-06/24/13",6.02388602200634,1.79573256966892
"2013-00-06/25/13",14.0655694884325,2.64372993087916
"2013-00-06/26/13",11.5706775872707,2.44847410364554
"2013-00-06/27/13",14.2826089807479,2.65904264195655
"2013-00-06/28/13",36.1219664718539,3.58690116980919
"2013-00-06/29/13",81.6417201755958,4.40234040797439
"2013-00-06/30/13",2.0142999271363,0.700271704329029
"2013-00-07/01/13",4.86136743542004,1.58131976364937
"2013-00-07/02/13",16.3850282961101,2.79636800910138
"2013-00-07/03/13",8.28693745837372,2.1146804748822
"2013-00-07/04/13",14.058052520722,2.64319536474915
"2013-00-07/05/13",13.9937258505724,2.63860907563391
"2013-00-07/06/13",30.7680059832605,3.42647538331015
"2013-00-07/07/13",11.3944279466352,2.43312445929928
"2013-00-07/12/13",14.2997929536025,2.66024505839199
"2013-00-07/13/13",4.12840770132952,1.41789178815929
"2013-00-07/14/13",15.4143916663978,2.73530159681615
"2013-00-07/15/13",9.07309376480912,2.20531330462204
"2013-00-07/16/13",14.0519848944849,2.64276365943039
"2013-00-07/17/13",9.89133357158723,2.29165897694763
"2013-00-07/18/13",2.14353586521404,0.762456738996178
"2013-00-07/19/13",12.1947609893954,2.50100643241025
"2013-00-07/20/13",14.6511799946306,2.68452087792802
"2013-00-07/21/13",16.2900157097856,2.79055238699566
"2013-00-07/22/13",6.76540826969402,1.91182261008911
"2013-00-07/23/13",19.7987065238141,2.98561660848649
"2013-00-07/24/13",9.66458061740793,2.2684677198314
"2013-00-07/25/13",0.097309016687777,-2.32986362514455
"2013-00-07/26/13",17.0051863296584,2.83351837574452
"2013-00-07/27/13",5.90774093906476,1.77626351453115
"2013-00-07/28/13",9.72437432649648,2.27463555082778
"2013-00-07/29/13",12.3286813758213,2.51192836707946
"2013-00-07/30/13",13.3658531733042,2.59270318393983
"2013-00-07/31/13",63.4115468167319,4.14964597130705
"2013-00-08/01/13",1373.65114933495,7.22522754632077
"2013-00-08/02/13",40.1380041072455,3.69232361884459
"2013-00-08/03/13",98.0881550645252,4.58586661580035
"2013-00-08/04/13",106.023045337002,4.66365647932183
"2013-00-08/05/13",823.069473454961,6.71304061200493
"2013-00-08/06/13",598.817768976481,6.39495732641462
"2013-00-08/07/13",57.2804791631035,4.04795988789505
"2013-00-08/08/13",4.40763732329181,1.48333879153551
"2013-00-08/09/13",7.21290739694869,1.97587211508458
"2013-00-08/11/13",101.44824830704,4.61954879955834
"2013-00-08/13/13",111.728247546037,4.71606956171447
"2013-00-08/14/13",25.1643179746207,3.22542703772001
"2013-00-08/15/13",25.574591234674,3.24159932870601
"2013-00-08/16/13",47.1484610018307,3.85330136807657
"2013-00-08/17/13",5.49464155625648,1.70377335483742
"2013-00-08/28/13",182.014878582239,5.20408843418727
"2013-00-08/29/13",128.75587872863,4.85791819852965
"2013-00-08/30/13",55.5448292505264,4.01719042895436
"2013-00-08/31/13",190.323323073673,5.24872432629663
"2013-00-09/01/13",148.43915596296,5.00017515012773
"2013-00-09/02/13",77.5446839053126,4.35085433672885
"2013-00-09/03/13",188.358961058064,5.23834950963527
"2013-00-09/04/13",10.7924691507219,2.37884859004377
"2013-00-09/05/13",11.0499248398411,2.40242362611629
"2013-00-09/06/13",5.87086550942266,1.77000206920983
"2013-00-09/07/13",59.4579862539559,4.08526994975722
"2013-00-09/08/13",55.4638871723145,4.01573212738734
"2013-00-09/17/13",21.9407837824232,3.08834717811161
"2013-00-09/18/13",8.25200658402075,2.11045639307839
"2013-00-09/19/13",232.240555630184,5.44777371219622
"2013-00-09/20/13",61.1476323845867,4.11329114322477
"2013-00-09/21/13",45.2864018862933,3.8130068083157
"2013-00-09/22/13",204.719664672643,5.32164155386975
"2013-00-09/23/13",16.5199768013008,2.80457036381223
"2013-00-09/24/13",14.3572447114434,2.66425467274804
"2013-00-09/30/13",6.31969542899734,1.84367101538317
"2013-00-10/01/13",10.6555990053142,2.3660854822073
"2013-00-10/02/13",7.67654881153095,2.03817007266248
"2013-00-10/03/13",10.735253485873,2.37353304408158
"2013-00-10/04/13",178.020155068891,5.18189677460608
"2013-00-10/09/13",166.473945523095,5.11483881383093
"2013-00-10/10/13",17.2713462673461,2.84904884322259
"2013-00-10/11/13",18.9122246027591,2.93980851735659
"2013-00-10/12/13",8.25692448027473,2.11105217924774
"2013-00-10/13/13",134.794367800049,4.90375041570657
"2013-00-10/14/13",8.17202363420583,2.10071656904686
"2013-00-10/15/13",17.7900618442418,2.87863997802031
"2013-00-10/16/13",1.57306908630375,0.453028543203067
"2013-00-10/17/13",19.754874551442,2.98340027362512
"2013-00-10/18/13",41.9327309367395,3.73606668991649
"2013-00-10/19/13",224.923130799707,5.41575870294168
"2013-00-10/20/13",213.595393109239,5.36408353901281
"2013-00-10/21/13",9.37605968489427,2.23815959852411
"2013-00-10/22/13",10.0533810014573,2.30790899598468
"2013-00-10/26/13",0.00652271520831085,-5.03246454673943
"2013-00-10/27/13",8.49932279552677,2.13998648920786
"2013-00-10/28/13",9.20942946469089,2.22022790097499
"2013-00-10/29/13",18.0739279942919,2.89447045753312
"2013-00-10/30/13",17.8253570230025,2.88062199544073
"2013-00-10/31/13",12.7514786066169,2.54564723402695
"2013-00-11/01/13",6.4634824609872,1.86616825319091
"2013-00-11/02/13",19.3748044168704,2.96397348057532
"2013-00-11/03/13",14.8027742840317,2.69481461482697
"2013-00-11/04/13",11.466213397068,2.43940474560447
"2013-00-11/05/13",12.1980388117675,2.50127518568323
"2013-00-11/06/13",9.42715789141735,2.24359466112464
"2013-00-11/07/13",70.8683822792928,4.26082438596777
"2013-00-11/12/13",60.6538432231881,4.10518300062379
"2013-00-11/13/13",16.8748173981924,2.82582241585219
"2013-00-11/14/13",8.30700717111139,2.11709939611783
"2013-00-11/15/13",14.0725853997958,2.64422860689658
"2013-00-11/16/13",15.6766828914676,2.75217444225329
"2013-00-11/17/13",7.74554538985388,2.04711788970512
"2013-00-11/18/13",26.227202878282,3.26679714992649
"2013-00-11/19/13",19.2249890974057,2.95621094828651
"2013-00-11/20/13",17.448684867577,2.8592642800534
"2013-00-11/21/13",25.0980776911413,3.22279125719457
"2013-00-11/22/13",18.9093097432312,2.93965437979532
"2013-00-11/23/13",25.2081762873577,3.22716839774049
"2013-00-11/24/13",8.39207536313163,2.12728785140778
"2013-00-11/28/13",191.728484670579,5.2560802288441
"2013-00-11/29/13",58.2489394815823,4.0647258859553
"2013-00-11/30/13",24.0762192896974,3.18122460187205
"2013-00-12/01/13",13.4126155200011,2.59619572078095
"2013-00-12/02/13",196.143163388183,5.27884481804959
"2013-00-12/03/13",8.713617063537,2.16488698176028
"2013-00-12/04/13",17.9611698353196,2.88821219634968
"2013-00-12/05/13",9.74931928998201,2.27719746616037
"2013-00-12/06/13",8.59609398346283,2.15130791211543
"2013-00-12/07/13",14.2603810956314,2.65748513942789
"2013-00-12/08/13",2.28391350818054,0.825890422504286
"2013-00-12/09/13",7.47780423766359,2.01193919777733
"2013-00-12/10/13",15.4293698336996,2.73627282521053
"2013-00-12/11/13",8.77152762555801,2.17151097885008
"2013-00-12/12/13",9.54493929727167,2.2560110975212
"2013-00-12/13/13",9.10357368872598,2.20866704947803
"2013-00-12/14/13",5.98016793407074,1.78844865018876
"2013-00-12/15/13",9.57065216061921,2.2587013494982
"2013-00-12/16/13",8.87800078961993,2.18357639535304
"2013-00-12/17/13",17.0896150627353,2.83847097275067
"2013-00-12/18/13",17.4533809368016,2.85953337984132
"2013-00-12/19/13",10.477901993096,2.34926846735343
"2013-00-12/20/13",14.5352464087991,2.6765764866569
"2013-00-12/21/13",10.0711297807916,2.30967289316738
"2013-00-12/26/13",1211.18037310134,7.09935067804507
"2013-00-12/27/13",2.64335054662416,0.972047258921186
"2013-00-12/28/13",10.7192003402365,2.37203655773311
"2013-00-12/29/13",7.281168191069,1.98529131514152
"2013-00-12/30/13",9.8053687502816,2.28293006733293
"2013-00-12/31/13",12.9934483695286,2.56444525885045
"2014-00-01/01/14",4.43086041640365,1.48859379011964
"2014-00-01/02/14",18.8818273385908,2.93819994303543
"2014-00-01/03/14",183.700304411953,5.21330564933431
"2014-00-01/04/14",948.834855734161,6.85523476421936
"2014-00-01/05/14",20.9706799175114,3.04312526773162
"2014-00-01/06/14",8.7293654246286,2.16669267816355
"2014-00-01/07/14",8.5931632750855,2.15096691909151
"2014-00-01/08/14",9.03232837468556,2.20081018299399
"2014-00-01/09/14",18.6545182766991,2.92608838359509
"2014-00-01/15/14",161.48188837619,5.08439299009638
"2014-00-01/17/14",0.00547485109691032,-5.20759020056077
"2014-00-01/20/14",164.864741024649,5.10512538635493
"2014-00-01/31/14",169.232856776086,5.13127561730384
"2014-00-02/01/14",32.2966549048222,3.47496366154736
"2014-00-02/02/14",12.0341463090735,2.48774813469945
"2014-00-02/03/14",9.70710482226119,2.27285807329764
"2014-00-02/04/14",21.5239230645675,3.06916501721861
"2014-00-02/05/14",17.0080792158736,2.83368847915422
"2014-00-02/06/14",9.03005341561255,2.20055828276163
"2014-00-02/07/14",9.22573278806816,2.22199662179274
"2014-00-02/08/14",11.8469296904649,2.47206873615843
"2014-00-02/09/14",8.65419528720614,2.1580442076685
"2014-00-02/10/14",9.39975524684911,2.24068365136773
"2014-00-02/11/14",18.9711587061093,2.94291986305727
"2014-00-02/12/14",7.91813934000504,2.06915624640799
"2014-00-02/13/14",8.69707666028065,2.1629869531348
"2014-00-03/17/14",17.4626537478987,2.86006452900524
"2014-00-03/18/14",7.77788430938827,2.05128436154069
"2014-00-03/19/14",18.6372175857294,2.92516052696354
"2014-00-03/20/14",264.359555378407,5.57731012872161
"2014-00-03/21/14",183.573875376995,5.21261717708709
"2014-00-03/23/14",136.053564788768,4.913048666935
"2014-00-03/24/14",184.730662339964,5.21889888501296
"2014-00-03/25/14",9.37607596557303,2.23816133493206
"2014-00-03/26/14",8.72086844009375,2.16571882471583
"2014-00-03/27/14",8.6859394421605,2.16170556219799
"2014-00-03/28/14",26.1112416046454,3.26236593442017
"2014-00-03/29/14",3.02127370971109,1.10567850065428
"2014-00-03/30/14",17.6861860185873,2.87278388394214
"2014-00-03/31/14",14.2914058393195,2.65965836634145
"2014-00-04/01/14",20.4970413278366,3.02028055025705
"2014-00-04/02/14",24.8501402333794,3.21286339572106
"2014-00-04/03/14",14.6005818525158,2.68106138083222
"2014-00-04/04/14",10.0661975943345,2.30918303803777
"2014-00-04/05/14",3.56097923050509,1.27003557178919
"2014-00-04/06/14",13.181033278764,2.57877892347974
"2014-00-04/07/14",17.0875955786561,2.83835279551832
"2014-00-04/08/14",17.3738774331913,2.85496778120201
"2014-00-04/09/14",8.71392406314758,2.16492221330653
"2014-00-04/10/14",32.1991198256892,3.47193911757084
"2014-00-04/11/14",14.1390159002005,2.64893806117237
"2014-00-04/12/14",14.3446060275002,2.6633739849572
"2014-00-04/13/14",6.88334734702905,1.92910506662486
"2014-00-04/14/14",10.2008935493379,2.32247531932958
"2014-00-04/15/14",14.7534227537803,2.69147510696989
"2014-00-04/16/14",11.8593924332428,2.47312016403164
"2014-00-04/17/14",17.5673259288385,2.8660406953309
"2014-00-04/18/14",18.424236787283,2.91366701454625
"2014-00-04/19/14",9.44323751387544,2.24529887833944
"2014-00-04/20/14",9.50756926560851,2.25208824615882
"2014-00-04/21/14",9.10051449724392,2.20833095008326
"2014-00-04/22/14",9.21761962745111,2.22111682933878
"2014-00-04/23/14",9.45514530448708,2.24655906999731
"2014-00-04/24/14",9.23362104284459,2.22285128391459
"2014-00-04/26/14",10.4220398170677,2.34392277696214
"2014-00-04/27/14",7.27003634168508,1.9837612903892
"2014-00-04/28/14",9.18936537579171,2.2180468780301
"2014-00-04/29/14",18.6582612207412,2.92628900890926
"2014-00-04/30/14",17.8019372174733,2.87930728381854
"2014-00-05/01/14",8.21677450926127,2.10617773659384
"2014-00-05/02/14",9.20758769110296,2.22002789316933
"2014-00-05/03/14",25.9991728285832,3.25806472323014
"2014-00-05/04/14",21.4739470418884,3.0668404348586
"2014-00-05/05/14",9.39435040799155,2.24010848816435
"2014-00-05/06/14",18.5055800672033,2.91807231185876
"2014-00-05/07/14",18.1042908587127,2.89614897419382
"2014-00-05/08/14",26.5162109665642,3.27775628054617
"2014-00-05/09/14",25.3142393632129,3.23136705808967
"2014-00-05/10/14",21.326318335373,3.05994191258638
"2014-00-05/11/14",19.785851224009,2.98496709761718
"2014-00-05/12/14",19.0557202179202,2.9473673304061
"2014-00-05/13/14",16.215999867622,2.78599840098628
"2014-00-05/14/14",17.5345914077333,2.86417558179418
"2014-00-05/15/14",20.2302607692431,3.00717954132115
"2014-00-05/16/14",28.6441363569452,3.35494875753502
"2014-00-05/17/14",12.2708638236858,2.50722765752315
"2014-00-05/18/14",13.068464825969,2.57020206289266
"2014-00-05/19/14",9.32925654730015,2.23315532757928
"2014-00-05/20/14",14.0340042795617,2.64148326177246
"2014-00-05/21/14",13.8417154087333,2.62768688822661
"2014-00-05/22/14",3.55073335673618,1.26715416151505
"2014-00-05/23/14",0.940933742985736,-0.0608825531555181
"2014-00-05/24/14",15.0975964694446,2.71453555694235
"2014-00-05/25/14",12.269772515038,2.50713871861925
"2014-00-05/26/14",0.627065297936462,-0.466704600332434
"2014-00-05/27/14",3.60596361158121,1.28258903365456
"2014-00-05/28/14",0.409197822328283,-0.893556566697216
"2014-00-06/02/14",14.4496762158558,2.67067200710019
"2014-00-06/03/14",3.54290959032522,1.26494830772688
"2014-00-06/04/14",200.947612459852,5.3030442395599
"2014-00-06/05/14",38.0699250849596,3.63942460256898
"2014-00-06/06/14",68.3558949629699,4.22472780616592
"2014-00-06/07/14",30.0348959910598,3.40235990537153
"2014-00-06/20/14",168.199637977531,5.12515159520318
"2014-00-07/28/14",179.39550187826,5.189592876168
"2014-00-07/29/14",93.128555681574,4.53398085778638
"2014-00-07/30/14",74.7785303009054,4.31453081571723
"2014-00-07/31/14",102.223563407274,4.62716221290934
"2014-00-08/01/14",75.8269370973514,4.32845360019658
"2014-00-08/02/14",10.1423617868689,2.31672088887906
"2014-00-08/03/14",54.2344034664014,3.99331545737944
"2014-00-08/04/14",22.972650095204,3.13430438206201
"2014-00-08/05/14",57.1049675129152,4.04489110960153
"2014-00-08/06/14",382.363278547637,5.94637114766355
"2014-00-08/07/14",19.9818570397731,2.99482471383489
"2014-00-08/08/14",8.85181760484511,2.18062281701099
"2014-00-08/09/14",14.8091606332286,2.69524595099692
"2014-00-08/10/14",165.824636603961,5.1109308239662
"2014-00-08/11/14",21.6406431299298,3.07457317303435
"2014-00-08/12/14",29.5245140995518,3.3852209046932
"2014-00-08/14/14",10.0656420816811,2.30912785056733
"2014-00-08/15/14",8.60148026398853,2.15193431216747
"2014-00-08/17/14",11.2614123313483,2.42138204391776
"2014-00-08/18/14",0.150147352044407,-1.89613812011019
"2014-00-08/22/14",6.14405128574179,1.81548434309924
"2014-00-08/23/14",6.01308767927933,1.79393837357083
"2014-00-08/24/14",17.6629612745643,2.87146986371007
"2014-00-08/25/14",32.9567213746395,3.49519522723671
"2014-00-08/26/14",79.1316530696564,4.37111295995839
"2014-00-09/01/14",3385.72928169737,8.12732460725142
"2014-00-09/02/14",0.599650450438999,-0.511408376134842
"2014-00-09/03/14",0.590974829536188,-0.525981852100281
"2014-00-09/05/14",3825.15122550716,8.24935328155941
"2014-00-09/06/14",81.3192862698587,4.39838321191222
"2014-00-09/07/14",240.779320961494,5.48388083334132
"2014-00-09/08/14",199.740076493952,5.29701690378253
"2014-00-09/09/14",11.6904408129909,2.45877148332657
"2014-00-09/10/14",34.9013741550179,3.55252620250253
"2014-00-09/11/14",8.7181192045805,2.16540352710888
"2014-00-09/12/14",21.8984251002229,3.08641472100475
"2014-00-09/13/14",21.5084017651181,3.06844363857202
"2014-00-09/14/14",5.32786370717016,1.67295035242482
"2014-00-09/15/14",13.537541545109,2.60546668121319
"2014-00-09/16/14",11.1021348854491,2.40713742184729
"2014-00-09/17/14",18.0731418028351,2.89442695793765
"2014-00-09/18/14",27.2483974599858,3.30499471057209
"2014-00-09/19/14",9.38382240898065,2.23898718629791
"2014-00-09/20/14",46.8883961028929,3.84777022699062
"2014-00-09/21/14",18.4956939657661,2.91753794638455
"2014-00-09/22/14",25.0093531757234,3.21924988192907
"2014-00-09/23/14",12.2899132218755,2.50877886268039
"2014-00-09/24/14",21.2237781741508,3.05512216512943
"2014-00-09/26/14",3.69886978247611,1.30802730879084
"2014-00-09/27/14",26.5597650873691,3.27939747996705
"2014-00-09/28/14",1.18107633262626,0.166426169018384
"2014-00-09/29/14",16.2288335280823,2.78678950759935
"2014-00-09/30/14",19.3180808867474,2.96104149086644
"2014-00-10/01/14",22.5306812641861,3.11487799207781
"2014-00-10/02/14",9.82043296579249,2.28446521159733
"2014-00-10/03/14",242.718246192521,5.49190128993355
"2014-00-10/04/14",5.94822190952827,1.7830923361616
"2014-00-10/05/14",223.576283925742,5.40975267092287
"2014-00-10/06/14",11.8033369487957,2.46838228376424
"2014-00-10/07/14",18.6958812769136,2.92830324702992
"2014-00-10/08/14",18.5043399944924,2.91800529886823
"2014-00-10/09/14",12.3823778998431,2.51627432472848
"2014-00-10/10/14",19.5533095783379,2.97314455999832
"2014-00-10/11/14",21.5803028675774,3.07178099437364
"2014-00-10/12/14",15.6865268257392,2.75280217995511
"2014-00-10/13/14",23.9598034636465,3.17637757052773
"2014-00-10/14/14",12.5465268480918,2.52944388210481
"2014-00-10/15/14",19.0229716721719,2.94564728424921
"2014-00-10/16/14",11.0342265571249,2.4010019472772
"2014-00-10/17/14",17.6647518869499,2.87157123525251
"2014-00-10/18/14",196.263264120505,5.27945694225374
"2014-00-10/19/14",32.8694007361482,3.49254215617888
"2014-00-10/20/14",182.461396486511,5.20653862454644
"2014-00-10/22/14",22.1959072947588,3.09990791579061
"2014-00-10/23/14",13.5650693800033,2.6074980607313
"2014-00-10/24/14",2.40266035187957,0.87657660339345
"2014-00-10/25/14",24.4923595031197,3.19836121189765
"2014-00-10/26/14",8.23838862204514,2.10880476922085
"2014-00-10/27/14",14.5498256120088,2.67757900811673
"2014-00-10/28/14",3.60823047894429,1.28321748013361
"2014-00-10/29/14",19.3431724402316,2.96233951174512
"2014-00-10/30/14",10.5412544908032,2.35529655792851
"2014-00-10/31/14",21.2329704900188,3.05555518538184
"2014-00-11/01/14",23.3896834815244,3.15229504829095
"2014-00-11/02/14",0.333437530027307,-1.09829974743229
"2014-00-11/04/14",2.70212221539614,0.994037469971844
"2014-00-11/05/14",9.58196557146945,2.25988274541226
"2014-00-11/06/14",9.98085690989024,2.30066894935183
"2014-00-11/08/14",21.12652030711,3.0505291378542
"2014-00-11/09/14",5.71746357731617,1.74352527650818
"2014-00-11/10/14",8.42770090405386,2.13152400694651
"2014-00-11/11/14",17.9079694727297,2.88524583570504
"2014-00-11/12/14",18.4651259839778,2.91588387113409
"2014-00-11/13/14",8.54875068979624,2.14578515411988
"2014-00-11/14/14",17.5767962066455,2.86657963484401
"2014-00-11/15/14",26.399762831328,3.2733550264501
"2014-00-11/17/14",8.61749407361925,2.15379433169403
"2014-00-11/18/14",8.1290174938092,2.09544006678687
"2014-00-11/19/14",8.84679090870706,2.18005478407559
"2014-00-11/20/14",19.4519932219796,2.96794954409297
"2014-00-11/21/14",3.40969076074429,1.22662160118446
"2014-00-11/22/14",14.370264350777,2.66516109593961
"2014-00-11/23/14",36.7210886864682,3.60335121363709
"2014-00-11/24/14",180.003044647102,5.19297376545328
"2014-00-11/25/14",33.7083353041344,3.51774514517683
"2014-00-11/26/14",4.8559486444394,1.58020447800922
"2014-00-11/27/14",14.6963813246133,2.68760129508663
"2014-00-11/28/14",35.110965052089,3.55851347633318
"2014-00-11/29/14",209.141744277726,5.34301222437534
"2014-00-11/30/14",17.8678828044454,2.88300484450515
"2014-00-12/01/14",20.3750583099734,3.01431152096201
"2014-00-12/02/14",12.5942765508096,2.53324246875904
"2014-00-12/03/14",13.3733029558288,2.5932604029247
"2014-00-12/04/14",13.0271409250379,2.56703494457646
"2014-00-12/05/14",2.64738303489052,0.973571618061589
"2014-00-12/06/14",17.6933241057282,2.87318739926571
"2014-00-12/07/14",16.2543465325572,2.78836035193623
"2014-00-12/08/14",16.9309588177291,2.8291438287841
"2014-00-12/09/14",8.63381310503106,2.15568625050463
"2014-00-12/10/14",8.65198362840465,2.15778861585655
"2014-00-12/11/14",18.0406684580256,2.89262856816227
"2014-00-12/12/14",16.6885367128169,2.81472205934341
"2014-00-12/13/14",25.4503065074026,3.23672778643688
"2014-00-12/14/14",7.45781017622251,2.00926182906244
"2014-00-12/15/14",14.4311525982433,2.66938924473407
"2014-00-12/16/14",11.6296728702217,2.45355983803709
"2014-00-12/17/14",8.48646996535598,2.13847312650472
"2014-00-12/18/14",14.5248319950434,2.67585973606478
"2014-00-12/19/14",8.2141318392352,2.10585606595769
"2014-00-12/20/14",16.8671711870462,2.82536919945341
"2014-00-12/21/14",9.15056954217441,2.21381612239667
"2014-00-12/22/14",189.586012086797,5.24484281118583
"2014-00-12/23/14",142.555207100685,4.95972934293205
"2014-00-12/24/14",20.256663335916,3.00848379305176
"2014-00-12/25/14",26.7259475354355,3.28563491130357
"2014-00-12/26/14",7.62201306990905,2.03104051721129
"2014-00-12/27/14",29.3325942838578,3.37869933062422
"2014-00-12/28/14",67.6945824834116,4.21500615431466
"2014-00-12/29/14",18.0282469272099,2.89193980160668
"2014-00-12/30/14",46.8485620630663,3.84692031585623
"2014-00-12/31/14",182.260513814871,5.20543705819531
